Pesquisa,Titulo,Comentario
bolsa,Bolsa Transversal Feminino Masculino Viagem Academia Fitness,Lindo.
caixa de som portatil,Caixa De Som Bluetooth Port√°til Xtreme Prova D Agua 40w + Nf,"Eu ameiii s√≥ n√£o dei 5 estrelas, porque n√£o tem como v√™ se ao carregar atingiu 100%, mais de resto muito boa supriu a minha necessidades!!!."
cadeira de escritorio,Cadeira Escrit√≥rio Girat√≥ria Office Arco Estofado Mesh,"Cadeira muito boa, por√©m deixa s√≥ a desenhar no conforto, vc fica meio inclinado pra frente , e fica numa posi√ß√£o n√£o muito confort√°vel, e os materiais s√£o at√© razo√°veis pelo valor dela."
bolsa,Bolsa Feminina Transversal Porta Celular Modelo Carteira,Amei. Muito bom. Recomendo.
calca jeans,Cal√ßa Jeans Ideal Trabalho Pesado Refor√ßada Elastano Lycra,Adorei. Muito gostoso o tecido.
camiseta basica,5 Camiseta Masculina Camisas Slim Voker 100% Algod√£o Atacado,"Solta muita tinta, tirando isso recomendo, o produto e bom."
purificador de ar,Umidificador De Ar Aromatizador Purificador Port√°til Led Rgb,Excelente.
tenis,T√™nis Branco Lan√ßamento Original Confort√°vel,"O t√™nis √© muito bonito e para quem deseja usar para sair. Esteja certo que chamar√° a aten√ß√£o das pessoas em volta. O problema √© que esse t√™nis parece esportivo e passei a usar na muscula√ß√£o, sendo que em alguma das atividades n√£o √© confort√°vel. No entanto, eu entendo que o custo benef√≠cio supera as expectativas.
O mais importante. Uso o t√™nis quase que diariamente, aproximadamente 50 minutos. Tem um m√™s de uso e o t√™nis n√£o apresentou nenhum problema de costura, rompimento da sola e etc."
bolsa,Bolsa Feminina Grande Sacola Caramelo Pronta Entrega,N√£o gostei uma qualidade muito ruim.
mouse,Mouse Sem Fio Recarreg√°vel Wireles Optico Led Rgb Ergon√¥mico,Vamos ver quanto tempo dura.
calca jeans,3 Cal√ßa Jeans Masculina Promo√ß√£o Direto Da Fabrica,"A cal√ßa √© boa para trabalhar. Tem alguns defeitos de fabrica√ß√£o,mas no geral √© boa. Meu marido gostou ele √© mec√¢nico,pra ele a compra foi √≥tima."
smart tv,Smart Tv 32'' Hd Led Roku Tv Hdmi Ptv32g70rch Philco Bivolt,Excelente muito bom mesmo üëç.
teclado,Teclado Gamer Semi Mecanico Barato Iluminado Rgb Em Ptbr,Muito bom recomendo.
bolsa,Bolsa Feminina Com Carteira Com Al√ßa Transversal Promo√ß√£o,"Lindaaa comprei para dar de presente para a minha amiga, ela amou. Foi um bom presente ?."
camiseta basica,Camisas Gola Polo Masculinas De √ìtima Qualidade,"Al√©m de linda, cores vivas, material bom."
fones de ouvido sem fio,Fone De Ouvido Sem Fio Bluetooth In-ear Tws Com Anatel,Valeu a pena pela qualidade do som e tempo de dura√ß√£o da bateria dos fones.
fones de ouvido sem fio,Fones De Ouvido I9s Tws Bluetooth Sem Fio Recarreg√°vel,"Produto de excelente qualidade, √≥timo som e conectividade r√°pida com celular e tablet, o √∫nico problema (como qualquer fone do tipo) √© mesmo a bateria, dependendo do uso. Para uma reuni√£o online ou videoconfer√™ncia que dure mais de 3 horas, a bateria pode n√£o aguentar. Para ouvir m√∫sicas e atender liga√ß√µes, perfeito."
joias,Rel√≥gio Curren Funcional Pulseira De Couro Cron√≥grafo,"Recomendo!!! comprei de presente para meu marido, com o fundo azul, melhor que na foto."
disco,Ssd 240gb A400 Kingston Disco S√≥lido Interno Nova Vers√£o,Veio certinho.
camiseta basica,"Camisetas Masculinas Basica Gola Redonda 5 Unidades, Algod√£o","As camisas s√£o bonitas e a malha √© muito boa. Com certeza comprarei novamente. A √∫nica que gostaria de pontuar, √© quanto as cores, pois na descri√ß√£o fala as cores que comp√µe o kit, e quando recebemos veio uma cor diferente. Mas no geral o produto √© muito bom e vale a pela investir."
joias,Rel√≥gio Feminino+ Colar Pingente Brincos Folheado A Ouro 18k,O rel√≥gio √© bonitinho por√©m o colar √© brincos s√£o muito fracos.
mochila,Mochila T√°tica 50l Refor√ßada Imperme√°vel Brinde Bandeira,Eu achei que o produto fosse maior e mais resistente.
fones de ouvido sem fio,Fone De Ouvido Bluetooth 5.0 Par Sem Fio Duplo Inteligente,J√° estragou um lado do fone.
fones de ouvido sem fio,Fones De Ouvido I9s Tws Bluetooth Sem Fio Recarreg√°vel,Otimo.
mouse,Mouse Wireless Recarreg√°vel Led Colorido Sem Fio Ergon√¥mico,"O produto me surpreendeu pela qualidade. O bluetooth funciona muito bem, √© carreg√°vel pela usb. At√© o momento, perfeito, recomendo muito."
calca jeans,Cal√ßa Jeans Sarja Masculina Jogger El√°stico Cintura E Barra,"O produto ficou perfeito n meu caso, √© bacana porem a camuflagem √© muito vagabunda e na primeira lavagem saiu quase toda a cor."
camiseta basica,Camisas Segunda Pele Prote√ß√£o Solar Uv Termicas Corrida Bike,Amei.
disco,Ssd 480gb Kingston Disco S√≥lido Interno - Nova Vers√£o X10,Show debola.
fones de ouvido sem fio,Fone De Ouvido Sem Fio F9-5 In Ear Touch Powerbank Tws,Achei um fraco a bateria descarrega muito r√°pido.
mouse,Mouse Sem Fio Recarreg√°vel Wireless Led Rgb Ergon√¥mico Novo,"Produto leve, √≥timo tamanho, funcionando plenamente. At√© o momento sem arrependimento nenhum."
camiseta basica,Kit 4 Camisetas Masculinas Slim Fit B√°sicas Algod√£o,Adorei! n√£o encolhe e √© leve e confort√°vel.
camiseta basica,Camisetas Camisas Gola Polo Voker Anti-pilling Atacado,O cinza venho bem mas escuro que na foto. Mas gostei material muito bom.
ar-condicionado portatil,Mangueira Tubo Duto Flex√≠vel De Pvc Para Ar Condicionado Port√°til 150mm De Di√¢metro 3 Metros De Comprimento,"Excelente produto, de boa qualidade e pratico."
bolsa,Kit Bolsa Feminina Promo√ß√£o Direto Da Fabrica Otimo Pre√ßo,As bolsas s√£o √≥timas.
calca jeans,Kit 3 Cal√ßa Jeans Skinny Masculina Com Lycra Estica Muito Nf,N√£o gostei o pano e muito fino so uma cal√ßa veio no tamanho 42 que eu pedir as outras 2 veio maio 2 cal√ßa n√£o e igual as da foto o comprimento ficou bom mas d√° pra usa.
relogio,Rel√≥gio De Parede Mesa Led Grande Calend√°rio Lelong Le-2116,"√ìtimo produto, √≥tima visualiza√ß√£o do display."
purificador de ar,Mini Umidificador Ar Difusor Purificador Gato Galaxy Led Tx5,"Excelente produto, amamos."
calca jeans,Cal√ßa Jeans Ideal Trabalho Pesado Refor√ßada Elastano Lycra,"Produtos √≥timo,recomendo."
monitor,Monitor LG Led 29 Ultrawide Ips Hdmi Hdr Freesync - 29wl500,"Nota 10, espetacular.
Imagem n√≠tida, com √≥timo contraste e detalhes fant√°sticos nas imagens. N√£o cansa a vis√£o.
Nunca mais saio do formato ultrawide."
relogio,5 Rel√≥gio Masculino Sport-shock Prova D¬¥√°gua Revenda Atacado,"Muito bom.
Amei os rel√≥gio e vou compra de novo."
mochila,Mochila Masculina Faculdade Imperme√°vel Resistente Grande,Supriu mibhas necessidades.
camiseta basica,Kit 10 Camisas Camisetas Masculinas B√°sicas 100% Algod√£o,"Perfeita a qualidade superou minhas expectativas, para o dia a dia s√£o √≥timas."
relogio,Rel√≥gio De Parede Led Digital Grande Calend√°rio Temperatura,√â muito bom.
tapete,"Tapete 2,00x1,50 Costa Oro Shaggy Mega Promo√ß√£o Peludo","√ìtimo!.
Cor linda e leve.
Tecido leve e f√°cil de arrumar.
√ìtimo pre√ßo e a bolinhas ante derrapante."
camiseta basica,Camiseta Masculina Algod√£o B√°sica Camisa Atacado 30.1 Lisa,A cor cinza e cinza escuro s√£o iguais ou mandaram uma cinza escuro na vez da cinza comum.
tapete,Tapete Sala 300x200  Sisal Quarto Sala Consultorio,"Lind√≠ssimo, estou apaixonada super recomendo!."
tablet,Tablet Infantil Lousa M√°gica Digital Para Desenho Colorido,Minha filha amou.
ar-condicionado portatil,Mangueira Duto Tubo Flex√≠vel De Pvc Para Ar Condicionado Port√°til 125mm De Di√¢metro 3 Metros De Comprimento,"Otimo, mas acabei comprando errado =/."
camiseta basica,Camiseta Basica Tech Insider Masculina,Uma √≥tima camiseta. Muito confort√°vel.
caixa de som portatil,Caixa De Som Bluetooth Amplificada Led Rgb Potente Port√°til,Bom dimas sem detalhe üëè.
calca jeans,Cal√ßa Masculina Jeans Skinny Justa Na Perna C/ Lycra Premium,"Bonita cal√ßa jeans parece ser boa qualidade, tamanho ( m ) para quem veste 40 vai ficar apertado."
tapete,"Tapete 2,00x1,50 Peludo Felpudo Shaggy Mega Promo√ß√£o Peludo",Muito bom o produto.
bolsa,Bolsa Saco Feminina Brinde Al√ßa Remov√≠vel Mega Promo√ß√£o.,"A bolsa √© linda.
O material e o acabamento √© razo√°vel."
camiseta basica,Kit 5 Camisas Camisetas Gola P√≥lo Masculina Atacado 2018,"O produto √© de boa qualidade, com certeza vou comprar novamente!."
smart tv,Smart Tv 43'' 4k Uhd Crystal Alexa 43au7700 Samsung Bivolt,Amei minha tv.
camiseta basica,Kit 10 Camisas Camisetas Masculinas B√°sicas 100% Algod√£o,"Produto de boa qualidade gostei,muito!."
ar-condicionado portatil,Mangueira Tubo Duto Flex√≠vel De Pvc Para Ar Condicionado Port√°til 150mm De Di√¢metro 3 Metros De Comprimento,"Achei a qualidade melhor que o original, bem flex√≠vel ao contr√°rio do original que √© um tipo de pvc, e n√£o suportou bem o calor.
Atendeu muito bem minha necessidade."
tapete,"Tapete Sala 1,50x2,00 Peludo Shaggy Macio Frete Gratis",Muito bonito o tapete.
joias,Rel√≥gio Champion Feminino Dourado Luxo + Pulseira Berloque,"Lindo chama a aten√ß√£o por ser grande, minha esposa adorou."
smartwatch,Smartwatch D20 Android Ios Inteligente Bluetooth Sport,Uma tremenda porcaria me arrependi de ter comprado s√≥ n√£o devolvido porque eu destru√≠ mas n√£o vale nada.
mochila,Mochila T√°tica 50l Refor√ßada Imperme√°vel Brinde Bandeira,Muito bonita.
fones de ouvido sem fio,Fone De Ouvido Sem Fio Bluetooth In-ear Tws Com Anatel,Prefeito.
camiseta basica,Kit 10 Camiseta Masculinas B√°sica Atacado Lisa Treino Casual,Show de bola. Custo benef√≠cio.
tenis,Kit 2 Prs T√™nis Jet Wave Masculino Caminhada Gin√°stica 34-43,E mt bom.
bolsa,Bolsa Feminina Transversal Porta Celular Modelo Carteira,"S√£o lindas. Tamanho bom, n√£o s√£o muito pequenas. As cores s√£o lindas. Comprei tr√™s pra presentear. √ìtimo produto. Comprado novamente."
monitor,"Monitor Gamer Pichau Athen V2l 21.5 Pol, Ips Fhd 1ms 75hz Fs",N√£o fala como inclina a tela.
calca jeans,Kit 3 Pares Masculino Easy Confort√°vel Muscula√ß√£o Fitness,"Muito bonitos , s√≥ nao √© aconselhavel para academia , nao √© leve."
caixa de som portatil,Caixa De Som Port√°til Amplificada Bluetooth Karaok√™ Usb Mic,T√° √≥timo.
tenis,T√™nis Para Treino Academia Caminhada Corrida Tryd 5400 Leve,Recomendo.
ferro de passar roupa,Ferro De Passar Roupas Black & Decker Seco Preto Autom√°tico,"Bom passa bem n√£o tenho o q reclamar.
Podem comprar."
tenis,Sapatilha Aqu√°tica Antiderrapante T√™nis Praia H√≠brido Cb357,Material de boa qualidade perfeito.
relogio,Rel√≥gio De Parede Grande Led Digital P/ Academia Hospital,"√ìtimo, super recomendo!!."
relogio,Rel√≥gio Champion Feminino Ros√™ Digital Led Vermelho Ch40106z,Lindo perfeito amei! top demais.
purificador de ar,Purificador Ionizador Ozonizador Ar 80m¬≥ Bivolt Original,Muito bom.
mochila,Mochila Masculina Feminina Escolar Bolsa Imperme√°vel Oferta,"Achei que deveria ter um refor√ßo no fundo da mochila , ja que √© para transportar livros."
fritadeira,"Fritadeira El√©trica Sem Oleo 4,6l Timer Oster Airfryer 110v",Top d mais !.
joias,Rel√≥gio Champion Feminino Dourado Kit Colar Brincos Original,Qualidade boa recomendo a todos que comprre.
smart tv,Smart Tv 32'' Hd Led Roku Tv Hdmi Ptv32g70rch Philco Bivolt,Super me atendeu. O produto √© excelente!.
tapete,Tapete Para Sala Quarto In Felpudo Peludo Rosa Bebe Crian√ßa,Ameeei super de qualidade.
vestido,Vestido Longo Feminino Viscose Com Bojo Moda + Frete Gr√°tis,"Ex exelente produto. Igual a foto. Amei , irei comprar outro logo mais."
tapete,Tapete Capacho 120x80 Personalizado Logomarca Empresa Loja,"O produto √© excelente , al√©m de muito bonito."
tapete,Tapete Capacho 100x60 Personalizado Logo Loja Com√©rcio,"Adorei minha compra, meu tapete ficou lindo e o material √© excelente!!!."
oculos,√ìculos De Sol Masculino Feminino Hexagonal Lupana Uv400 +nf,Infantil. O anunciante deveria informar que o √≥culos √© infantil e n√£o serve para adultos.
tenis,Tenis Masculino Confortavel/academia/crossfit + Rel√≥gio,"Muito bom, bem leve e amortece bem o impacto."
caixa de som portatil,"Caixa De Som Port√°til Bluetooth Jbl Go 3 4,2w √Ä Prova D'√°gua",Top.
caixa de som portatil,Caixa Caixinha De Som Bluetooth Pendrive Sd Port√°til 20w,"Boa conectividade, mas o jingle de off/on muito alto."
tenis,T√™nis Para Treino Academia Caminhada Corrida Tryd 5400 Leve,Amei!.
ar-condicionado portatil,Climatizador Mini  Umidificador De Ar Condicionado Port√°til,Amei!!.
vestido,"Vestido Longo De Festa, Madrinha Com Fenda Lateral 256","Excelente!.
Ficou perfeito na minha filha.
Comprei o gg ela tem 1:83 cm o comprimento fico √≥tima.
Adorei."
relogio,Rel√≥gio De Parede Cozinha Sala Redondo Com Nota Fiscal,"Eu achei muito fraco,,, n√£o gostei."
calca jeans,Cal√ßa Alfaiataria Linh√£o Com Bot√µes Feminina Moda Lan√ßamento,"O produto de tecido muito fraco, transparente, p√©ssima qualidade."
tenis,T√™nis Esportivo On Shoes Masculino/feminino,Ficou otimoo.
drone,Mini Drone I128 Dual C√¢mera 4k Uhd Profissional 2 Baterias,"Produto usado, n√£o comprem."
relogio,Rel√≥gio De Paredes - Decorativo Modelo Cozinha Promo√ß√£o,Muito sensivel qualquer coisa e perigoso quebrar.
calca jeans,Kit 2 Cal√ßa Jeans  Masculina Trabalho Tradicional Elastano,Atendeu as expectativas. √â prov√°vel que compre de novo.
camiseta basica,Kit 3 Camisas Polo Masculina Camiseta Blusa De Luxo Atacado,Produto de boa qualidade.
calca jeans,Kit De 3 Cal√ßa Plus Size Jeans Feminina Cintura Alta C√≥s Alt,Produto excelente perfeito otima qualidade.
camiseta basica,Camiseta Masculina Plus Size B√°sica Gola Redonda Manga Curta,Tecido macio e o tamanho ficou perfeito.
relogio,Rel√≥gio De Parede Grande Led Digital P/ Academia Hospital,"At√© agora, perfeito. Marca as horas sem atraso, o fio poderia ser mais longo, mas n√£o desabona o produto. Veio com manual que ajudou a regular hora, data e alarme."
calca jeans,Kit Com 3 Cal√ßa Jeans Masculina Promo√ß√£o Direto Da Fabrica,Meu esposo gostou bastante. Pelo valor o material √© bom.
camiseta basica,Camisa Polo Masculina Camiseta Gola Atacado Uniforme Liso,Linda √≥tima compra meu esposo gostou muito.
purificador de ar,Purificador/esterilizador De Ar Sterilair Str-4 Bivolt Preto,Ap√≥s tantos relatos positivos resolvi comprar. Vamos ver se vai ajudar a diminuir minha rinite. Daqui um tempo venho e edito falando minha experi√™ncia.
perfume importado,Colonia Lancaster 100ml Importado Argentino Original,"Fiquei triste q meu produto veio violado,muito incolor. Ele foi violado o lacre."
caixa de som portatil,Caixa De Som Bluetooth Port√°til Xtreme Prova D Agua 40w + Nf,"Caixinha too. Boa qualidade sonora, material muito bom. Minha filha amou o presente."
camiseta basica,Camiseta Feminina B√°sica 100% Algod√£o Caimento Perfeito,"Ficou um pouco grande no comprimento e bom na largura. Tenho 1,60 m e 58 kg, comprei m. A malha √© encorpada e de bom acabamento. Nao indico para os dias muito quentes. Comprei duas, mas uma vou devolver , pq veio com um furinho."
camiseta basica,Kit 5 Camisetas B√°sicas Masculina Dry Fit Lisa Tradicional,Achei top pra malhar.
bolsa,Bolsa Feminina Transversal Pequena Tira Colo Ombro,"Muito boa ,tem v√°rias reparti√ß√£o e n√£o √© grande ,por isso amei."
aparelho de barbear eletrico,Aparelho Barbeador El√©trico Para Fazer Barba Profissional,Amei.
bolsa,Bolsa Masculina Imperme√°vel De Couro Pu Laptop Entrada Usb,"O produto tem uma √≥tima qualidade pelo valor cobrado, √© bem espa√ßosa e por√©m sem ser volumosa. O ziper √© forte e macio."
sapatos sociais masculinos,Kit 3 Pares Sapatos Sociais Masculino Evang√©lico + Brindes,"√ìtimo acabamento,veio como na descri√ß√£o üòÉüëç."
camiseta basica,Camisetas Camisas Gola Polo Voker Anti-pilling Atacado,Produto de boa qualidade vou usar num restaurante em breve.
joias,Kit 5 Pulseira Miband 5 Original Premium Diversas Cores M5,A pulseira serviu perfeitamente na miband.
camiseta basica,Camisetas Camisas Gola Polo Voker Anti-pilling Atacado,"Amei, perfeito,ficou do jeito que imaginei, irei comprar novamente."
tenis,T√™nis Feminino Polo Ultrabone Caminhada Academia + Rel√≥gio,Otimo.
joias,Cord√£o Banhada A Ouro 18k 70 Cm + Pulseira E Pingente,Muito topp parab√©ns.
fones de ouvido sem fio,Fone Bluetooth Tws F9 Ouvido √Ä Prova D'√°gua Sem Fio,"Gostei, muito bom."
relogio,Rel√≥gio De Parede Grande Led Digital P/ Academia Hospital,Instalei em uma oficina mec√¢nica ficou √≥timo at√© agora funcionando perfeitamente.
mochila,Mochila Masculina Feminina Escolar Bolsa Imperme√°vel Oferta,Odiei essa mochila. Material muito fraco.
joias,Atacado Semi Joias Kit 40 Pe√ßas Para Revenda + Mostru√°rio,"Super recomendo,confesso que comprei insegura pelos coment√°rios e avalia√ß√µes,mais de fato muito bom, superou minhas expectativas,tem muito coment√°rio negativo mais chega a ser falta de senso a pessoa esperar uma j√≥ia comprando a pre√ßo de bijuteria,muito bom mesmo,amei os brincos 2¬∞ furo,s√≥ achei que os brincos grandes eram pra ser mais bonitos e de fato grande, s√£o m√©dio e muito feio,mais de repente algu√©m possa gostar,voltarei a comprar."
fones de ouvido sem fio,Fone Bluetooth Tws F9 Ouvido √Ä Prova D'√°gua Sem Fio,√ìtimo custo benef√≠cio. Recomendo. Boa qualidade de som e √≥tima dura√ß√£o de bateria.
fones de ouvido sem fio,Fone De Ouvido Bluetooth 5.0 Par Sem Fio Duplo Inteligente,Muito bom perfeito bateria otima.
monitor,Monitor LG Led 29 Ultrawide Ips Hdmi Hdr Freesync - 29wl500,Excelente monitor era o que eu esperava. √ìtimo produto.
camiseta basica,Camisas Gola Polo Masculinas De √ìtima Qualidade,"Depois de lavar fica curto, deforma a estrutura."
camiseta basica,Kit 5 Camisas Camisetas Gola P√≥lo Masculina Atacado 2022,O tamanho n√£o condiz com a medida universal no brasil. Comprei g e o tamanho se iguala ao m.
impressora,Mini Impressora 58mm Bluetooth T√©rmica Android Ios 5 Bobina,Bem bom.
camiseta basica,Camisa Polo Masculina - Lipt,"Excelente qualidade adorei , super indico."
calca jeans,Cal√ßa Para Trabalho Masculina Tradicional Barata  Promo√ß√£o,Ficou otimo. Vou comprar mais. Qria uma com lycra.
sapatos sociais masculinos,Kit 4 Pares Sapato Social Masculino Ref-803/836/838/839 - 3,"N√£o √© dos melhores,mas pelo pre√ßo t√° valendo."
bolsa,Bolsa Feminina Shopper Grande + Bolsinha Promo√ß√£o Lan√ßamento,Aparenta ser fr√°gil mas pelo valor. Tudo bem.
chapinha de cabelo,Chapinha Profissional Mondial P-20 220¬∫ Golden Rose Bivolt,"Achei ela maravilhosa, alisa muito."
mochila,Mochila Masculina Faculdade Imperme√°vel Resistente Grande,Material muito bom. Recomendo.
ssd ,Hd Ssd Kingston 240gb A400 Sata Lacrado Nfe | Full,√ìtimo produto !.
teclado,Teclado Gamer Semi Mecanico Barato Iluminado Rgb Em Ptbr,Muito confort√°vel.
mouse,Mouse √ìptico Convencional Usb Plug & Play Simples,"Produto ok, funcionando bem."
fones de ouvido sem fio,Fone De Ouvido Bluetooth Original Tws In-ear Com Anatel,O produto e bom tem um bom audio. Um grave bom. Vem com trez pares de borrachinha e da pra vc troca.
calca jeans,Cal√ßa Alfaiataria Linh√£o Com Bot√µes Feminina Moda Lan√ßamento,"Achei uma falta de respeito! pedir uma cal√ßa preta numero 40, veio azul e tamanho p! sinceramente nunca mais compro dessa loja."
mochila,Mochila Masculina Feminina Escolar Bolsa Imperme√°vel Oferta,"A princ√≠pio achei perfeita,por√©m a costura n√£o √© de qualidade.
N√£o tem 30 dias de uso e a al√ßa j√° descosturou.
N√£o recomendo."
joias,Corrente De Prata Masculina Veneziana 60cm + Pingente Cruz,Produto muito ruim coloquei um dia no pesco√ßo e j√° t√° todo preto.
relogio,Rel√≥gio Feminino Prova D'√°gua Original Promo√ß√£o + Acess√≥rios,Achei o rel√≥gio bonito mais bem fraquinho bem mesmo! e pulseira 3 dias q usei ficou preta !.
fritadeira,"Fritadeira Air Fryer 3,2 Litros Af-33 Maxis",Excelente aquisi√ß√£o! indico a compra!!.
calca jeans,Kit 3 Cal√ßa Jeans Skinny Masculina Com Lycra Estica Muito Nf,"A √∫nica cal√ßa que parece com a da foto √© a preta, acho que deveria ser a foto real, as cal√ßas s√£o bonitas, a calca preta veio com a costura nos fundilhos mal feita e tmb veio pouca coisa menor que as outras, de resto ok, pelo pre√ßo est√° aceit√°vel."
fones de ouvido sem fio,Fone De Ouvido Lenovo Xt80 Esportes Corrida Envio Express,15 dias de uso e nada a reclamar. Boa qualidade do som e bateria dur√°vel. Encaixou bem nas orelhas. Est√° sendo √≥timo custo-benef√≠cio.
liquidificador,Liquidificador Alta Rota√ß√£o 2 Litros Industrial 18000 Rpm,Gostei demais.
fones de ouvido sem fio,Fone De Ouvido Super Bass Graves Profundos Somic Tone S608,Cumpre a fun√ß√£o plenamente.
ar-condicionado portatil,Mangueira Tubo Duto Flex√≠vel De Pvc Para Ar Condicionado Port√°til 150mm De Di√¢metro 3 Metros De Comprimento,Recomendo!!!.
caixa de som portatil,Caixa Caixinha De Som Bluetooth Potente Port√°til Radio Tws,"Achei q era maior o produto, mas √© bem dif√≠cil de entra na fm. N√£o consegui identificar."
mouse,Mouse √ìptico Convencional Usb Plug & Play Simples,√ìtimo.
fones de ouvido sem fio,Fone De Ouvido F9-5 Bluetooth Original Carregador D Celular,Muito bom por√©m n√£o tem o som t√£o alto mais considero como bom tbm.
tenis,T√™nis Esportivo On Shoes Masculino/feminino,"Super confort√°vel e bonito, recomendo demais!."
mochila,Mochila Masculina Feminina Escolar Bolsa Imperme√°vel Oferta,Material muito ruim nao duro nem tre m√™s muito fraco est√° mochila eu perdi dinheiro comprando est√° mochila.
bolsa,Bolsa Saco Feminina Brinde Al√ßa Remov√≠vel Mega Promo√ß√£o.,P√©ssimo! muito fr√°gil! detestei.
smartwatch,"Smart Watch W68 Ultra Serie 8 Nfc Tela 2,0 Max 49mm Original",Super indico.
mochila,Mochila Escolar Viagem Notebook Com Chaveiro,"Adorei! muito espa√ßosa e com muitas divis√≥rias!.
Cabe perfeitamente um notebook de 17 polegadas."
relogio,Rel√≥gio Externo Esta√ß√£o Fundo Antique  29x22x21cm,"Lindo como na foto! j√° tinha um e comprei para presente, exatamente como esperava!."
oculos,√ìculos De Sol Beb√™ Infantil C/ Prote√ß√£o Uva Uvb Buba,O produto realmente √© muito bom al√©m de muito bonito.
calca jeans,Cal√ßa Alfaiataria Linh√£o Com Bot√µes Feminina Moda Lan√ßamento,A costura n√£o √© bem acabada. N√£o compraria de novo.
liquidificador,Liquidificador Port√°til Shakeira Eletrica Para Academia Whey,"N√£o recomendo, mal bate √°gua quem dir√° fazer suco, s√≥ funciona se estiver ligado no carregador, uma porcaria nem deveria estar aqui no mercado livre,,,."
camiseta basica,Kit 3 Camisa Academia Masculina Dry Fit Treino Slim Fit,Gostei bastante atendeu minhas expectativas.
joias,Rel√≥gio Feminino Dourado Com Kit Colar E Brinco Super Barato,Otimo gostei um boa calidade patabens.
calca jeans,Cal√ßa Jogger Swag Masculina Estilo Moda Americana,Justo como uma luva!!!!!! material de boa qualidade e resist√™ncia.
ferro de passar roupa,Ferro Passar Roupas A Vapor Industrial Completo - 1300 Watts,"Achei bom. S√≥ acho o vapor pouco por ser industrial, mas acho cedo em comprometer a avalia√ß√£o. Vou usar mais pouco pra saber opinar melhor sobre ele."
mouse,Mouse Wireless Recarreg√°vel Led Rgb 2.4 Ghz Sem Fio Barato,Bom. Responde muito bem.
relogio,Rel√≥gio De Parede Led Digital Grande Calend√°rio Temperatura,√ìtimo recomendo muito bom para e chegar √†s horas a dist√¢ncia ecelente produto.
caixa de som portatil,Caixa De Som Monster Sound Sk-06 Bluetooth Mondial Bivolt,Otima adorei perfeita e linda! muito obrigada super recomendo.
mouse,Mouse Gamer Vertical Ergon√¥mico Led 6 Bot√µes,"O mouse √© √≥timo, um pouco grande,mas ja ne acostumei e n√£o fico sem!."
calca jeans,Cal√ßa Alfaiataria Linh√£o Com Bot√µes Feminina Moda Lan√ßamento,"Cal√ßa linda e bem confort√°vel, porem o tecido transparente.
Obs: comprem um ou dois n√∫meros maiores pois a cal√ßa encolhe."
relogio,Rel√≥gio Digital Esporte Bracelete Led Adulto Infantil Masculino Feminino Barato,Excelente produto eu recomendo.
disco,Ssd 480gb Kingston Disco S√≥lido Interno - Nova Vers√£o X10,Perfeito.
mochila,Mochila Multifuncional Imperme√°vel Notebook 15.6,"Eu achei que o produto fosse melhor no seu acabamento, o material da bolsa √© um pouco inferior se comparado com outras op√ß√µes no mercado."
caixa de som portatil,Caixa De Som Port√°til Bluetooth Clip 4 5w A Prova D'√°gua Jbl,"Muito bom, adorei."
sapatos sociais masculinos,Kit Sapato Social Masculino Couro Vegetal Promo√ß√£o + Cinto,"Lindo, meu esposo disse que √© muito leve e confort√°vel."
fones de ouvido sem fio,Fone De Ouvido Bluetooth Par Sem Fio Duplo Original,Fone muito bom. Estou gostando muito.
fones de ouvido sem fio,Fone De Ouvido Corrida Bluetooth Regulavel Mp3 Entrada P2,"Que maravilha,por ser de baixo custo agente n√£o bota muita f√©,mas podem comprar sem medo ,recomendo sem sombra de d√∫vidas."
camiseta basica,Kit 5 Camiseta Masculina 100% Algod√£o  Basica Treino Esporte,√â lindo por√©m ficou grande mais meu menino adorou cores lindas.
sapatos sociais masculinos,Kit 3 Pares De Sapato Social Masculino Uniforme Atacado Leve,Achei que compenso por causa do custo.
camiseta basica,Camisas Gola Polo Masculinas De √ìtima Qualidade,"A qualidade √© pelo pre√ßo das pe√ßas, comprei 3 unidades, uma veio com um furo pequeno."
chapinha de cabelo,Cabo Giratorio Para Chapinha Nano Titanium,Muito bom amei podem comprar vale a pena.
drone,Mini Drone Profissional 4k C√¢mera Dupla 2 Baterias E 99 Pro2,√â a bateria dele n√£o est√° segurando e ele j√° veio quebrado.
smart tv,Smart Tv 50'' Crystal 4k Uhd 50au7700 Samsung Bivolt,√ìtimo produto! veio tudo certo!!!.
social,Rel√≥gio Curren 8225 Social Luxo Esportivo Top Couro Promo√ß√£o,"Na foto parece que funciona todos os bot√µes, mais √© s√≥ enfeite , n√£o gostei."
calca jeans,Kit 3 Cal√ßas Jeans Masculina Slim Adulto Oferta Atacado,Otimo.
oculos,√ìculos De Sol Masculino Feminino Hexagonal Lupana Uv400 +nf,Um pouco pequeno.
joias,Rel√≥gio Curren Funcional Pulseira De Couro Cron√≥grafo,"Rel√≥gio muiito lindo.
Correia grossa, muito dif√≠cil de quebrar."
caixa de som portatil,Caixa Caixinha De Som Bluetooth Pendrive Sd Port√°til 20w,√ìtimo.
vestido,Vestido Xadrez-roupas Femininas Pronta Entrega Viscolycra,"Vestido superou minhas expectativas, muito lindo, tecido maravilhoso o tamanho que escolhi ficou um pouco grande,mesmo assim √© lindo."
ssd ,Ssd Wd Green 2.5'' 480gb Sata Iii 545 Mb/s Wds480g2g0a,A notebook mudo parece outra ela √© bem rapida (sendo ela de 8anos). Recomendo.
joias,Conjunto Prata 925 Corrente E Pulseira Escama De Peixe 70cm,"Achei perfeito, muito lindo o conjunto!."
relogio,Rel√≥gio De Parede Grande Led Digital P/ Academia Hospital,"Muito bom, pode desligar da tomada que a hr n√£o sai."
fones de ouvido sem fio,Fone De Ouvido Bluetooth Lenovo Xt80 Original Esporte Tws Nf,Som muito bom estou muito satisfeito.
vestido,"Vestido Longo Com Fenda, Manga Bufante Ox017",Otimo.
camiseta basica,Camisa Polo Com Bolso No Atacado Poliviscose Kit 5 Pe√ßas,"Preciso ver com o tempo mas a principio √© um material de boa qualidade, bonita e e elegante.
Recomendo."
smartwatch,Rel√≥gio Smartwatch Android Ios Inteligente D20 Bluetooth Nfe,"Bom at√©, mas pedi de uma cor e veio de outra."
oculos,√ìculos De Sol Beb√™ Infantil C/ Prote√ß√£o Uva Uvb Buba,Eu comprei para meu neto e ficou lindo e confort√°vel.
tapete,Tapete Sala Quarto 2.00x1.50 Luxuoso Antiderrapante Promo√ß√£o,O produto √© de p√©ssima qualidade. Fino demais e solta muuuu√≠itaaaasss bolinhas do tecido. Pessimo.
ar-condicionado portatil,Mangueira Duto Tubo Flex√≠vel De Pvc Para Ar Condicionado Port√°til 125mm De Di√¢metro 3 Metros De Comprimento,"O produto parece ser muito fr√°gil, mais serviu para uso agora s√≥ estou observando a resist√™ncia durabilidade."
calca jeans,Kit 3 Cal√ßa Jeans Masculina Slim Com Lycra Elastano Original,"Ainda n√£o lavei que eu levar comento.
Uma observa√ß√£o os bolsos ficam saindo o tempo todo."
smart tv,Smart Box Android Tv Izy Play Intelbras Conversor Smart Tv,"Tudo perfeito, super recomendo."
ar-condicionado portatil,Mini Ar Condicionado Usb Port√°til Climatizador Oferta,"Custo beneficio muito bom, atendeu minha necessidade."
vestido,Vestido Longo Feminino Viscose Com Bojo Moda + Frete Gr√°tis,"Simplesmente maravilhoso, adorei."
bolsa,Bolsa De Ombro Grande Feminina Trabalho Passeio Linda Couro,√â a segunda bolsa que eu compro para trabalhar!.
